country,petty_2000s_value,petty_2000s_year,petty_2000s_unit,petty_2000s_definition,petty_2000s_source_label,petty_2000s_source_url,petty_2000s_method_note,petty_latest_value,petty_latest_year,petty_latest_unit,petty_latest_definition,petty_latest_source_label,petty_latest_source_url,petty_latest_method_note,rape_2000s_value,rape_2000s_year,rape_2000s_unit,rape_2000s_definition,rape_2000s_source_label,rape_2000s_source_url,rape_2000s_method_note,rape_latest_value,rape_latest_year,rape_latest_unit,rape_latest_definition,rape_latest_source_label,rape_latest_source_url,rape_latest_method_note,theft_2000s_value,theft_2000s_year,theft_2000s_unit,theft_2000s_definition,theft_2000s_source_label,theft_2000s_source_url,theft_2000s_method_note,theft_latest_value,theft_latest_year,theft_latest_unit,theft_latest_definition,theft_latest_source_label,theft_latest_source_url,theft_latest_method_note,sexual_2000s_value,sexual_2000s_year,sexual_2000s_unit,sexual_2000s_definition,sexual_2000s_source_label,sexual_2000s_source_url,sexual_2000s_method_note,sexual_latest_value,sexual_latest_year,sexual_latest_unit,sexual_latest_definition,sexual_latest_source_label,sexual_latest_source_url,sexual_latest_method_note
Australia,222712,2009,police-recorded count,Unlawful entry with intent (petty-crime proxy),ABS Recorded Crime – Victims,https://www.abs.gov.au/statistics/people/crime-and-justice/recorded-crime-victims/2024/1.%20Victims%20of%20crime%2C%20Australia%20%28Tables%201%20to%208%29.xlsx,Petty crime is not a standard international category; using ABS unlawful entry with intent as the proxy.,160979,2023,police-recorded count,Unlawful entry with intent (petty-crime proxy),ABS Recorded Crime – Victims,https://www.abs.gov.au/statistics/people/crime-and-justice/recorded-crime-victims/2024/1.%20Victims%20of%20crime%2C%20Australia%20%28Tables%201%20to%208%29.xlsx,Petty crime is not a standard international category; using ABS unlawful entry with intent as the proxy.,18941,2009,police-recorded count,Sexual assault (rape proxy),ABS Recorded Crime – Victims,https://www.abs.gov.au/statistics/people/crime-and-justice/recorded-crime-victims/2024/1.%20Victims%20of%20crime%2C%20Australia%20%28Tables%201%20to%208%29.xlsx,Australia does not expose a separate national rape count in the ABS series used here; sexual assault is used as the rape proxy.,40087,2024,police-recorded count,Sexual assault (rape proxy),ABS Recorded Crime – Victims,https://www.abs.gov.au/statistics/people/crime-and-justice/recorded-crime-victims/2024/1.%20Victims%20of%20crime%2C%20Australia%20%28Tables%201%20to%208%29.xlsx,Australia does not expose a separate national rape count in the ABS series used here; sexual assault is used as the rape proxy.,480336,2009,police-recorded count,Other theft,ABS Recorded Crime – Victims,https://www.abs.gov.au/statistics/people/crime-and-justice/recorded-crime-victims/2024/1.%20Victims%20of%20crime%2C%20Australia%20%28Tables%201%20to%208%29.xlsx,Using ABS other theft counts for Australia for better current coverage.,595660,2024,police-recorded count,Other theft,ABS Recorded Crime – Victims,https://www.abs.gov.au/statistics/people/crime-and-justice/recorded-crime-victims/2024/1.%20Victims%20of%20crime%2C%20Australia%20%28Tables%201%20to%208%29.xlsx,Using ABS other theft counts for Australia for better current coverage.,18941,2009,police-recorded count,Sexual assault (sexual-crime proxy),ABS Recorded Crime – Victims,https://www.abs.gov.au/statistics/people/crime-and-justice/recorded-crime-victims/2024/1.%20Victims%20of%20crime%2C%20Australia%20%28Tables%201%20to%208%29.xlsx,Using ABS sexual assault counts as the sexual-crime measure for Australia.,40087,2024,police-recorded count,Sexual assault (sexual-crime proxy),ABS Recorded Crime – Victims,https://www.abs.gov.au/statistics/people/crime-and-justice/recorded-crime-victims/2024/1.%20Victims%20of%20crime%2C%20Australia%20%28Tables%201%20to%208%29.xlsx,Using ABS sexual assault counts as the sexual-crime measure for Australia.
Austria,107407,2009,police-recorded count,Burglary (petty-crime proxy),UNODC economic crime data,https://data.unodc.org/sites/dataportal.unodc.org/files/2025-11/data_cts_corruption_and_economic_crime.xlsx,Petty crime is not a standard international category; using burglary as the cross-country proxy.,49592,2022,police-recorded count,Burglary (petty-crime proxy),UNODC economic crime data,https://data.unodc.org/sites/dataportal.unodc.org/files/2025-11/data_cts_corruption_and_economic_crime.xlsx,Petty crime is not a standard international category; using burglary as the cross-country proxy.,779,2009,police-recorded count,Rape,UNODC violent and sexual crime data,https://data.unodc.org/sites/dataportal.unodc.org/files/2025-12/data_cts_violent_and_sexual_crime.xlsx,Direct rape count from the source series.,2328,2023,police-recorded count,Rape,UNODC violent and sexual crime data,https://data.unodc.org/sites/dataportal.unodc.org/files/2025-12/data_cts_violent_and_sexual_crime.xlsx,Direct rape count from the source series.,161394,2009,police-recorded count,Theft,UNODC economic crime data,https://data.unodc.org/sites/dataportal.unodc.org/files/2025-11/data_cts_corruption_and_economic_crime.xlsx,Direct theft count from the source series.,97139,2022,police-recorded count,Theft,UNODC economic crime data,https://data.unodc.org/sites/dataportal.unodc.org/files/2025-11/data_cts_corruption_and_economic_crime.xlsx,Direct theft count from the source series.,2568,2009,police-recorded count,Sexual violence,UNODC violent and sexual crime data,https://data.unodc.org/sites/dataportal.unodc.org/files/2025-12/data_cts_violent_and_sexual_crime.xlsx,Direct sexual-violence count from the source series.,5447,2023,police-recorded count,Sexual violence,UNODC violent and sexual crime data,https://data.unodc.org/sites/dataportal.unodc.org/files/2025-12/data_cts_violent_and_sexual_crime.xlsx,Direct sexual-violence count from the source series.
Belarus,30927,2006,police-recorded count,Burglary (petty-crime proxy),UNODC economic crime data,https://data.unodc.org/sites/dataportal.unodc.org/files/2025-11/data_cts_corruption_and_economic_crime.xlsx,Petty crime is not a standard international category; using burglary as the cross-country proxy.,30927,2006,police-recorded count,Burglary (petty-crime proxy),UNODC economic crime data,https://data.unodc.org/sites/dataportal.unodc.org/files/2025-11/data_cts_corruption_and_economic_crime.xlsx,Petty crime is not a standard international category; using burglary as the cross-country proxy.,218,2009,police-recorded count,Rape,UNODC violent and sexual crime data,https://data.unodc.org/sites/dataportal.unodc.org/files/2025-12/data_cts_violent_and_sexual_crime.xlsx,Direct rape count from the source series.,117,2019,police-recorded count,Rape,UNODC violent and sexual crime data,https://data.unodc.org/sites/dataportal.unodc.org/files/2025-12/data_cts_violent_and_sexual_crime.xlsx,Direct rape count from the source series.,82340,2009,police-recorded count,Theft,UNODC economic crime data,https://data.unodc.org/sites/dataportal.unodc.org/files/2025-11/data_cts_corruption_and_economic_crime.xlsx,Direct theft count from the source series.,40528,2014,police-recorded count,Theft,UNODC economic crime data,https://data.unodc.org/sites/dataportal.unodc.org/files/2025-11/data_cts_corruption_and_economic_crime.xlsx,Direct theft count from the source series.,509,2009,police-recorded count,Sexual violence,UNODC violent and sexual crime data,https://data.unodc.org/sites/dataportal.unodc.org/files/2025-12/data_cts_violent_and_sexual_crime.xlsx,Direct sexual-violence count from the source series.,893,2019,police-recorded count,Sexual violence,UNODC violent and sexual crime data,https://data.unodc.org/sites/dataportal.unodc.org/files/2025-12/data_cts_violent_and_sexual_crime.xlsx,Direct sexual-violence count from the source series.
Belgium,97121,2009,police-recorded count,Burglary (petty-crime proxy),UNODC economic crime data,https://data.unodc.org/sites/dataportal.unodc.org/files/2025-11/data_cts_corruption_and_economic_crime.xlsx,Petty crime is not a standard international category; using burglary as the cross-country proxy.,51698,2022,police-recorded count,Burglary (petty-crime proxy),UNODC economic crime data,https://data.unodc.org/sites/dataportal.unodc.org/files/2025-11/data_cts_corruption_and_economic_crime.xlsx,Petty crime is not a standard international category; using burglary as the cross-country proxy.,3152,2009,police-recorded count,Rape,UNODC violent and sexual crime data,https://data.unodc.org/sites/dataportal.unodc.org/files/2025-12/data_cts_violent_and_sexual_crime.xlsx,Direct rape count from the source series.,4409,2023,police-recorded count,Rape,UNODC violent and sexual crime data,https://data.unodc.org/sites/dataportal.unodc.org/files/2025-12/data_cts_violent_and_sexual_crime.xlsx,Direct rape count from the source series.,227721,2009,police-recorded count,Theft,UNODC economic crime data,https://data.unodc.org/sites/dataportal.unodc.org/files/2025-11/data_cts_corruption_and_economic_crime.xlsx,Direct theft count from the source series.,195873,2022,police-recorded count,Theft,UNODC economic crime data,https://data.unodc.org/sites/dataportal.unodc.org/files/2025-11/data_cts_corruption_and_economic_crime.xlsx,Direct theft count from the source series.,6771,2009,police-recorded count,Sexual violence,UNODC violent and sexual crime data,https://data.unodc.org/sites/dataportal.unodc.org/files/2025-12/data_cts_violent_and_sexual_crime.xlsx,Direct sexual-violence count from the source series.,11620,2023,police-recorded count,Sexual violence,UNODC violent and sexual crime data,https://data.unodc.org/sites/dataportal.unodc.org/files/2025-12/data_cts_violent_and_sexual_crime.xlsx,Direct sexual-violence count from the source series.
Bosnia and Herzegovina,12617,2009,police-recorded count,Burglary (petty-crime proxy),UNODC economic crime data,https://data.unodc.org/sites/dataportal.unodc.org/files/2025-11/data_cts_corruption_and_economic_crime.xlsx,Petty crime is not a standard international category; using burglary as the cross-country proxy.,3820,2022,police-recorded count,Burglary (petty-crime proxy),UNODC economic crime data,https://data.unodc.org/sites/dataportal.unodc.org/files/2025-11/data_cts_corruption_and_economic_crime.xlsx,Petty crime is not a standard international category; using burglary as the cross-country proxy.,29,2009,police-recorded count,Rape,UNODC violent and sexual crime data,https://data.unodc.org/sites/dataportal.unodc.org/files/2025-12/data_cts_violent_and_sexual_crime.xlsx,Direct rape count from the source series.,36,2023,police-recorded count,Rape,UNODC violent and sexual crime data,https://data.unodc.org/sites/dataportal.unodc.org/files/2025-12/data_cts_violent_and_sexual_crime.xlsx,Direct rape count from the source series.,5002,2009,police-recorded count,Theft,UNODC economic crime data,https://data.unodc.org/sites/dataportal.unodc.org/files/2025-11/data_cts_corruption_and_economic_crime.xlsx,Direct theft count from the source series.,3087,2022,police-recorded count,Theft,UNODC economic crime data,https://data.unodc.org/sites/dataportal.unodc.org/files/2025-11/data_cts_corruption_and_economic_crime.xlsx,Direct theft count from the source series.,89,2009,police-recorded count,Sexual violence,UNODC violent and sexual crime data,https://data.unodc.org/sites/dataportal.unodc.org/files/2025-12/data_cts_violent_and_sexual_crime.xlsx,Direct sexual-violence count from the source series.,197,2023,police-recorded count,Sexual violence,UNODC violent and sexual crime data,https://data.unodc.org/sites/dataportal.unodc.org/files/2025-12/data_cts_violent_and_sexual_crime.xlsx,Direct sexual-violence count from the source series.
Bulgaria,23682,2009,police-recorded count,Burglary (petty-crime proxy),UNODC economic crime data,https://data.unodc.org/sites/dataportal.unodc.org/files/2025-11/data_cts_corruption_and_economic_crime.xlsx,Petty crime is not a standard international category; using burglary as the cross-country proxy.,4340,2022,police-recorded count,Burglary (petty-crime proxy),UNODC economic crime data,https://data.unodc.org/sites/dataportal.unodc.org/files/2025-11/data_cts_corruption_and_economic_crime.xlsx,Petty crime is not a standard international category; using burglary as the cross-country proxy.,246,2009,police-recorded count,Rape,UNODC violent and sexual crime data,https://data.unodc.org/sites/dataportal.unodc.org/files/2025-12/data_cts_violent_and_sexual_crime.xlsx,Direct rape count from the source series.,75,2023,police-recorded count,Rape,UNODC violent and sexual crime data,https://data.unodc.org/sites/dataportal.unodc.org/files/2025-12/data_cts_violent_and_sexual_crime.xlsx,Direct rape count from the source series.,39808,2009,police-recorded count,Theft,UNODC economic crime data,https://data.unodc.org/sites/dataportal.unodc.org/files/2025-11/data_cts_corruption_and_economic_crime.xlsx,Direct theft count from the source series.,28250,2022,police-recorded count,Theft,UNODC economic crime data,https://data.unodc.org/sites/dataportal.unodc.org/files/2025-11/data_cts_corruption_and_economic_crime.xlsx,Direct theft count from the source series.,726,2009,police-recorded count,Sexual violence,UNODC violent and sexual crime data,https://data.unodc.org/sites/dataportal.unodc.org/files/2025-12/data_cts_violent_and_sexual_crime.xlsx,Direct sexual-violence count from the source series.,624,2023,police-recorded count,Sexual violence,UNODC violent and sexual crime data,https://data.unodc.org/sites/dataportal.unodc.org/files/2025-12/data_cts_violent_and_sexual_crime.xlsx,Direct sexual-violence count from the source series.
Croatia,17080,2009,police-recorded count,Burglary (petty-crime proxy),UNODC economic crime data,https://data.unodc.org/sites/dataportal.unodc.org/files/2025-11/data_cts_corruption_and_economic_crime.xlsx,Petty crime is not a standard international category; using burglary as the cross-country proxy.,7156,2022,police-recorded count,Burglary (petty-crime proxy),UNODC economic crime data,https://data.unodc.org/sites/dataportal.unodc.org/files/2025-11/data_cts_corruption_and_economic_crime.xlsx,Petty crime is not a standard international category; using burglary as the cross-country proxy.,129,2009,police-recorded count,Rape,UNODC violent and sexual crime data,https://data.unodc.org/sites/dataportal.unodc.org/files/2025-12/data_cts_violent_and_sexual_crime.xlsx,Direct rape count from the source series.,422,2023,police-recorded count,Rape,UNODC violent and sexual crime data,https://data.unodc.org/sites/dataportal.unodc.org/files/2025-12/data_cts_violent_and_sexual_crime.xlsx,Direct rape count from the source series.,12267,2009,police-recorded count,Theft,UNODC economic crime data,https://data.unodc.org/sites/dataportal.unodc.org/files/2025-11/data_cts_corruption_and_economic_crime.xlsx,Direct theft count from the source series.,11087,2022,police-recorded count,Theft,UNODC economic crime data,https://data.unodc.org/sites/dataportal.unodc.org/files/2025-11/data_cts_corruption_and_economic_crime.xlsx,Direct theft count from the source series.,658,2009,police-recorded count,Sexual violence,UNODC violent and sexual crime data,https://data.unodc.org/sites/dataportal.unodc.org/files/2025-12/data_cts_violent_and_sexual_crime.xlsx,Direct sexual-violence count from the source series.,836,2023,police-recorded count,Sexual violence,UNODC violent and sexual crime data,https://data.unodc.org/sites/dataportal.unodc.org/files/2025-12/data_cts_violent_and_sexual_crime.xlsx,Direct sexual-violence count from the source series.
Cyprus,2504,2009,police-recorded count,Burglary (petty-crime proxy),UNODC economic crime data,https://data.unodc.org/sites/dataportal.unodc.org/files/2025-11/data_cts_corruption_and_economic_crime.xlsx,Petty crime is not a standard international category; using burglary as the cross-country proxy.,1128,2022,police-recorded count,Burglary (petty-crime proxy),UNODC economic crime data,https://data.unodc.org/sites/dataportal.unodc.org/files/2025-11/data_cts_corruption_and_economic_crime.xlsx,Petty crime is not a standard international category; using burglary as the cross-country proxy.,27,2009,police-recorded count,Rape,UNODC violent and sexual crime data,https://data.unodc.org/sites/dataportal.unodc.org/files/2025-12/data_cts_violent_and_sexual_crime.xlsx,Direct rape count from the source series.,41,2023,police-recorded count,Rape,UNODC violent and sexual crime data,https://data.unodc.org/sites/dataportal.unodc.org/files/2025-12/data_cts_violent_and_sexual_crime.xlsx,Direct rape count from the source series.,1285,2009,police-recorded count,Theft,UNODC economic crime data,https://data.unodc.org/sites/dataportal.unodc.org/files/2025-11/data_cts_corruption_and_economic_crime.xlsx,Direct theft count from the source series.,613,2022,police-recorded count,Theft,UNODC economic crime data,https://data.unodc.org/sites/dataportal.unodc.org/files/2025-11/data_cts_corruption_and_economic_crime.xlsx,Direct theft count from the source series.,78,2009,police-recorded count,Sexual violence,UNODC violent and sexual crime data,https://data.unodc.org/sites/dataportal.unodc.org/files/2025-12/data_cts_violent_and_sexual_crime.xlsx,Direct sexual-violence count from the source series.,111,2023,police-recorded count,Sexual violence,UNODC violent and sexual crime data,https://data.unodc.org/sites/dataportal.unodc.org/files/2025-12/data_cts_violent_and_sexual_crime.xlsx,Direct sexual-violence count from the source series.
Czech Republic,54848,2009,police-recorded count,Burglary (petty-crime proxy),UNODC economic crime data,https://data.unodc.org/sites/dataportal.unodc.org/files/2025-11/data_cts_corruption_and_economic_crime.xlsx,Petty crime is not a standard international category; using burglary as the cross-country proxy.,33750,2022,police-recorded count,Burglary (petty-crime proxy),UNODC economic crime data,https://data.unodc.org/sites/dataportal.unodc.org/files/2025-11/data_cts_corruption_and_economic_crime.xlsx,Petty crime is not a standard international category; using burglary as the cross-country proxy.,480,2009,police-recorded count,Rape,UNODC violent and sexual crime data,https://data.unodc.org/sites/dataportal.unodc.org/files/2025-12/data_cts_violent_and_sexual_crime.xlsx,Direct rape count from the source series.,1748,2023,police-recorded count,Rape,UNODC violent and sexual crime data,https://data.unodc.org/sites/dataportal.unodc.org/files/2025-12/data_cts_violent_and_sexual_crime.xlsx,Direct rape count from the source series.,138369,2009,police-recorded count,Theft,UNODC economic crime data,https://data.unodc.org/sites/dataportal.unodc.org/files/2025-11/data_cts_corruption_and_economic_crime.xlsx,Direct theft count from the source series.,34774,2022,police-recorded count,Theft,UNODC economic crime data,https://data.unodc.org/sites/dataportal.unodc.org/files/2025-11/data_cts_corruption_and_economic_crime.xlsx,Direct theft count from the source series.,1730,2009,police-recorded count,Sexual violence,UNODC violent and sexual crime data,https://data.unodc.org/sites/dataportal.unodc.org/files/2025-12/data_cts_violent_and_sexual_crime.xlsx,Direct sexual-violence count from the source series.,1864,2023,police-recorded count,Sexual violence,UNODC violent and sexual crime data,https://data.unodc.org/sites/dataportal.unodc.org/files/2025-12/data_cts_violent_and_sexual_crime.xlsx,Direct sexual-violence count from the source series.
Denmark,107140,2009,police-recorded count,Burglary (petty-crime proxy),UNODC economic crime data,https://data.unodc.org/sites/dataportal.unodc.org/files/2025-11/data_cts_corruption_and_economic_crime.xlsx,Petty crime is not a standard international category; using burglary as the cross-country proxy.,31589,2022,police-recorded count,Burglary (petty-crime proxy),UNODC economic crime data,https://data.unodc.org/sites/dataportal.unodc.org/files/2025-11/data_cts_corruption_and_economic_crime.xlsx,Petty crime is not a standard international category; using burglary as the cross-country proxy.,352,2009,police-recorded count,Rape,UNODC violent and sexual crime data,https://data.unodc.org/sites/dataportal.unodc.org/files/2025-12/data_cts_violent_and_sexual_crime.xlsx,Direct rape count from the source series.,2375,2023,police-recorded count,Rape,UNODC violent and sexual crime data,https://data.unodc.org/sites/dataportal.unodc.org/files/2025-12/data_cts_violent_and_sexual_crime.xlsx,Direct rape count from the source series.,187179,2009,police-recorded count,Theft,UNODC economic crime data,https://data.unodc.org/sites/dataportal.unodc.org/files/2025-11/data_cts_corruption_and_economic_crime.xlsx,Direct theft count from the source series.,146613,2022,police-recorded count,Theft,UNODC economic crime data,https://data.unodc.org/sites/dataportal.unodc.org/files/2025-11/data_cts_corruption_and_economic_crime.xlsx,Direct theft count from the source series.,1656,2009,police-recorded count,Sexual violence,Eurostat crime table 2008–2013,https://ec.europa.eu/eurostat/statistics-explained/images/9/94/SIF_Crime_2008-2013_-_Detailed_tables.xlsx,UNODC sexual violence starts after the 2000s for Denmark; using Eurostat 2009 sexual violence counts.,6766,2023,police-recorded count,Sexual violence,UNODC violent and sexual crime data,https://data.unodc.org/sites/dataportal.unodc.org/files/2025-12/data_cts_violent_and_sexual_crime.xlsx,Direct sexual-violence count from the source series.
Estonia,3027,2009,police-recorded count,Domestic burglary (petty-crime proxy),Eurostat old domestic burglary table,https://ec.europa.eu/eurostat/statistics-explained/images/c/c4/SiF2013_Tables-and-graphs_07March13.xls,Petty crime is not a standard category; using domestic burglary as the proxy for the 2000s because UNODC burglary is unavailable for Estonia.,15092,2025,police-recorded count,Offences against property (petty-crime proxy),Estonia Justice Statistics,https://statistika.justdigi.ee/sites/default/files/2026-02/Kuriteod%20kokku_masskuriteod_eng.csv,Petty crime is not a standard category; using offences against property as the latest official proxy because Estonia burglary counts are not available in UNODC.,124,2009,police-recorded count,Rape,UNODC violent and sexual crime data,https://data.unodc.org/sites/dataportal.unodc.org/files/2025-12/data_cts_violent_and_sexual_crime.xlsx,Direct rape count from the source series.,191,2023,police-recorded count,Rape,UNODC violent and sexual crime data,https://data.unodc.org/sites/dataportal.unodc.org/files/2025-12/data_cts_violent_and_sexual_crime.xlsx,Direct rape count from the source series.,23901,2009,police-recorded count,Theft,UNODC economic crime data,https://data.unodc.org/sites/dataportal.unodc.org/files/2025-11/data_cts_corruption_and_economic_crime.xlsx,Direct theft count from the source series.,8027,2022,police-recorded count,Theft,UNODC economic crime data,https://data.unodc.org/sites/dataportal.unodc.org/files/2025-11/data_cts_corruption_and_economic_crime.xlsx,Direct theft count from the source series.,309,2009,police-recorded count,Sexual violence,UNODC violent and sexual crime data,https://data.unodc.org/sites/dataportal.unodc.org/files/2025-12/data_cts_violent_and_sexual_crime.xlsx,Direct sexual-violence count from the source series.,426,2023,police-recorded count,Sexual violence,UNODC violent and sexual crime data,https://data.unodc.org/sites/dataportal.unodc.org/files/2025-12/data_cts_violent_and_sexual_crime.xlsx,Direct sexual-violence count from the source series.
Finland,19186,2009,police-recorded count,Burglary (petty-crime proxy),UNODC economic crime data,https://data.unodc.org/sites/dataportal.unodc.org/files/2025-11/data_cts_corruption_and_economic_crime.xlsx,Petty crime is not a standard international category; using burglary as the cross-country proxy.,5810,2022,police-recorded count,Burglary (petty-crime proxy),UNODC economic crime data,https://data.unodc.org/sites/dataportal.unodc.org/files/2025-11/data_cts_corruption_and_economic_crime.xlsx,Petty crime is not a standard international category; using burglary as the cross-country proxy.,660,2009,police-recorded count,Rape,UNODC violent and sexual crime data,https://data.unodc.org/sites/dataportal.unodc.org/files/2025-12/data_cts_violent_and_sexual_crime.xlsx,Direct rape count from the source series.,2379,2023,police-recorded count,Rape,UNODC violent and sexual crime data,https://data.unodc.org/sites/dataportal.unodc.org/files/2025-12/data_cts_violent_and_sexual_crime.xlsx,Direct rape count from the source series.,124421,2009,police-recorded count,Theft,UNODC economic crime data,https://data.unodc.org/sites/dataportal.unodc.org/files/2025-11/data_cts_corruption_and_economic_crime.xlsx,Direct theft count from the source series.,124826,2022,police-recorded count,Theft,UNODC economic crime data,https://data.unodc.org/sites/dataportal.unodc.org/files/2025-11/data_cts_corruption_and_economic_crime.xlsx,Direct theft count from the source series.,2205,2009,police-recorded count,Sexual violence,UNODC violent and sexual crime data,https://data.unodc.org/sites/dataportal.unodc.org/files/2025-12/data_cts_violent_and_sexual_crime.xlsx,Direct sexual-violence count from the source series.,6103,2023,police-recorded count,Sexual violence,UNODC violent and sexual crime data,https://data.unodc.org/sites/dataportal.unodc.org/files/2025-12/data_cts_violent_and_sexual_crime.xlsx,Direct sexual-violence count from the source series.
Germany,386647,2009,police-recorded count,Burglary (petty-crime proxy),UNODC economic crime data,https://data.unodc.org/sites/dataportal.unodc.org/files/2025-11/data_cts_corruption_and_economic_crime.xlsx,Petty crime is not a standard international category; using burglary as the cross-country proxy.,260605,2022,police-recorded count,Burglary (petty-crime proxy),UNODC economic crime data,https://data.unodc.org/sites/dataportal.unodc.org/files/2025-11/data_cts_corruption_and_economic_crime.xlsx,Petty crime is not a standard international category; using burglary as the cross-country proxy.,7314,2009,police-recorded count,Rape,UNODC violent and sexual crime data,https://data.unodc.org/sites/dataportal.unodc.org/files/2025-12/data_cts_violent_and_sexual_crime.xlsx,Direct rape count from the source series.,13108,2023,police-recorded count,Rape,UNODC violent and sexual crime data,https://data.unodc.org/sites/dataportal.unodc.org/files/2025-12/data_cts_violent_and_sexual_crime.xlsx,Direct rape count from the source series.,1220994,2009,police-recorded count,Theft,UNODC economic crime data,https://data.unodc.org/sites/dataportal.unodc.org/files/2025-11/data_cts_corruption_and_economic_crime.xlsx,Direct theft count from the source series.,1043887,2022,police-recorded count,Theft,UNODC economic crime data,https://data.unodc.org/sites/dataportal.unodc.org/files/2025-11/data_cts_corruption_and_economic_crime.xlsx,Direct theft count from the source series.,49084,2009,police-recorded count,Sexual violence,UNODC violent and sexual crime data,https://data.unodc.org/sites/dataportal.unodc.org/files/2025-12/data_cts_violent_and_sexual_crime.xlsx,Direct sexual-violence count from the source series.,52656,2023,police-recorded count,Sexual violence,UNODC violent and sexual crime data,https://data.unodc.org/sites/dataportal.unodc.org/files/2025-12/data_cts_violent_and_sexual_crime.xlsx,Direct sexual-violence count from the source series.
Greece,63928,2009,police-recorded count,Burglary (petty-crime proxy),UNODC economic crime data,https://data.unodc.org/sites/dataportal.unodc.org/files/2025-11/data_cts_corruption_and_economic_crime.xlsx,Petty crime is not a standard international category; using burglary as the cross-country proxy.,14224,2022,police-recorded count,Burglary (petty-crime proxy),UNODC economic crime data,https://data.unodc.org/sites/dataportal.unodc.org/files/2025-11/data_cts_corruption_and_economic_crime.xlsx,Petty crime is not a standard international category; using burglary as the cross-country proxy.,213,2009,police-recorded count,Rape,UNODC violent and sexual crime data,https://data.unodc.org/sites/dataportal.unodc.org/files/2025-12/data_cts_violent_and_sexual_crime.xlsx,Direct rape count from the source series.,293,2023,police-recorded count,Rape,UNODC violent and sexual crime data,https://data.unodc.org/sites/dataportal.unodc.org/files/2025-12/data_cts_violent_and_sexual_crime.xlsx,Direct rape count from the source series.,99369,2009,police-recorded count,Theft,UNODC economic crime data,https://data.unodc.org/sites/dataportal.unodc.org/files/2025-11/data_cts_corruption_and_economic_crime.xlsx,Direct theft count from the source series.,71130,2022,police-recorded count,Theft,UNODC economic crime data,https://data.unodc.org/sites/dataportal.unodc.org/files/2025-11/data_cts_corruption_and_economic_crime.xlsx,Direct theft count from the source series.,924,2009,police-recorded count,Sexual violence,UNODC violent and sexual crime data,https://data.unodc.org/sites/dataportal.unodc.org/files/2025-12/data_cts_violent_and_sexual_crime.xlsx,Direct sexual-violence count from the source series.,1047,2023,police-recorded count,Sexual violence,UNODC violent and sexual crime data,https://data.unodc.org/sites/dataportal.unodc.org/files/2025-12/data_cts_violent_and_sexual_crime.xlsx,Direct sexual-violence count from the source series.
Hungary,37698,2009,police-recorded count,Burglary (petty-crime proxy),UNODC economic crime data,https://data.unodc.org/sites/dataportal.unodc.org/files/2025-11/data_cts_corruption_and_economic_crime.xlsx,Petty crime is not a standard international category; using burglary as the cross-country proxy.,28595,2015,police-recorded count,Burglary (petty-crime proxy),UNODC economic crime data,https://data.unodc.org/sites/dataportal.unodc.org/files/2025-11/data_cts_corruption_and_economic_crime.xlsx,Petty crime is not a standard international category; using burglary as the cross-country proxy.,228,2009,police-recorded count,Rape,UNODC violent and sexual crime data,https://data.unodc.org/sites/dataportal.unodc.org/files/2025-12/data_cts_violent_and_sexual_crime.xlsx,Direct rape count from the source series.,537,2023,police-recorded count,Rape,UNODC violent and sexual crime data,https://data.unodc.org/sites/dataportal.unodc.org/files/2025-12/data_cts_violent_and_sexual_crime.xlsx,Direct rape count from the source series.,117232,2009,police-recorded count,Theft,UNODC economic crime data,https://data.unodc.org/sites/dataportal.unodc.org/files/2025-11/data_cts_corruption_and_economic_crime.xlsx,Direct theft count from the source series.,48616,2022,police-recorded count,Theft,UNODC economic crime data,https://data.unodc.org/sites/dataportal.unodc.org/files/2025-11/data_cts_corruption_and_economic_crime.xlsx,Direct theft count from the source series.,1462,2009,police-recorded count,Sexual violence,UNODC violent and sexual crime data,https://data.unodc.org/sites/dataportal.unodc.org/files/2025-12/data_cts_violent_and_sexual_crime.xlsx,Direct sexual-violence count from the source series.,537,2023,police-recorded count,Sexual violence,UNODC violent and sexual crime data,https://data.unodc.org/sites/dataportal.unodc.org/files/2025-12/data_cts_violent_and_sexual_crime.xlsx,Direct sexual-violence count from the source series.
Iceland,3524,2009,police-recorded count,Burglary (petty-crime proxy),UNODC economic crime data,https://data.unodc.org/sites/dataportal.unodc.org/files/2025-11/data_cts_corruption_and_economic_crime.xlsx,Petty crime is not a standard international category; using burglary as the cross-country proxy.,1086,2022,police-recorded count,Burglary (petty-crime proxy),UNODC economic crime data,https://data.unodc.org/sites/dataportal.unodc.org/files/2025-11/data_cts_corruption_and_economic_crime.xlsx,Petty crime is not a standard international category; using burglary as the cross-country proxy.,78,2009,police-recorded count,Rape,UNODC violent and sexual crime data,https://data.unodc.org/sites/dataportal.unodc.org/files/2025-12/data_cts_violent_and_sexual_crime.xlsx,Direct rape count from the source series.,176,2023,police-recorded count,Rape,UNODC violent and sexual crime data,https://data.unodc.org/sites/dataportal.unodc.org/files/2025-12/data_cts_violent_and_sexual_crime.xlsx,Direct rape count from the source series.,5114,2009,police-recorded count,Theft,UNODC economic crime data,https://data.unodc.org/sites/dataportal.unodc.org/files/2025-11/data_cts_corruption_and_economic_crime.xlsx,Direct theft count from the source series.,3414,2022,police-recorded count,Theft,UNODC economic crime data,https://data.unodc.org/sites/dataportal.unodc.org/files/2025-11/data_cts_corruption_and_economic_crime.xlsx,Direct theft count from the source series.,368,2008,police-recorded count,Sexual violence,UNODC violent and sexual crime data,https://data.unodc.org/sites/dataportal.unodc.org/files/2025-12/data_cts_violent_and_sexual_crime.xlsx,Direct sexual-violence count from the source series.,504,2023,police-recorded count,Sexual violence,UNODC violent and sexual crime data,https://data.unodc.org/sites/dataportal.unodc.org/files/2025-12/data_cts_violent_and_sexual_crime.xlsx,Direct sexual-violence count from the source series.
Ireland,26910,2009,police-recorded count,Burglary (petty-crime proxy),UNODC economic crime data,https://data.unodc.org/sites/dataportal.unodc.org/files/2025-11/data_cts_corruption_and_economic_crime.xlsx,Petty crime is not a standard international category; using burglary as the cross-country proxy.,9182,2022,police-recorded count,Burglary (petty-crime proxy),UNODC economic crime data,https://data.unodc.org/sites/dataportal.unodc.org/files/2025-11/data_cts_corruption_and_economic_crime.xlsx,Petty crime is not a standard international category; using burglary as the cross-country proxy.,329,2009,police-recorded count,Rape,UNODC violent and sexual crime data,https://data.unodc.org/sites/dataportal.unodc.org/files/2025-12/data_cts_violent_and_sexual_crime.xlsx,Direct rape count from the source series.,1004,2023,police-recorded count,Rape,UNODC violent and sexual crime data,https://data.unodc.org/sites/dataportal.unodc.org/files/2025-12/data_cts_violent_and_sexual_crime.xlsx,Direct rape count from the source series.,63902,2009,police-recorded count,Theft,UNODC economic crime data,https://data.unodc.org/sites/dataportal.unodc.org/files/2025-11/data_cts_corruption_and_economic_crime.xlsx,Direct theft count from the source series.,62282,2022,police-recorded count,Theft,UNODC economic crime data,https://data.unodc.org/sites/dataportal.unodc.org/files/2025-11/data_cts_corruption_and_economic_crime.xlsx,Direct theft count from the source series.,1480,2009,police-recorded count,Sexual violence,UNODC violent and sexual crime data,https://data.unodc.org/sites/dataportal.unodc.org/files/2025-12/data_cts_violent_and_sexual_crime.xlsx,Direct sexual-violence count from the source series.,2942,2023,police-recorded count,Sexual violence,UNODC violent and sexual crime data,https://data.unodc.org/sites/dataportal.unodc.org/files/2025-12/data_cts_violent_and_sexual_crime.xlsx,Direct sexual-violence count from the source series.
Italy,110887,2004,police-recorded count,Burglary (petty-crime proxy),UNODC economic crime data,https://data.unodc.org/sites/dataportal.unodc.org/files/2025-11/data_cts_corruption_and_economic_crime.xlsx,Petty crime is not a standard international category; using burglary as the cross-country proxy.,133802,2022,police-recorded count,Burglary (petty-crime proxy),UNODC economic crime data,https://data.unodc.org/sites/dataportal.unodc.org/files/2025-11/data_cts_corruption_and_economic_crime.xlsx,Petty crime is not a standard international category; using burglary as the cross-country proxy.,4963,2009,police-recorded count,Sexual violence legal category (rape proxy),UNODC violent and sexual crime data,https://data.unodc.org/sites/dataportal.unodc.org/files/2025-12/data_cts_violent_and_sexual_crime.xlsx,Italy does not provide a separate rape series in the UNODC extract used here; the sexual violence legal category is used as the rape proxy.,6742,2023,police-recorded count,Sexual violence legal category (rape proxy),UNODC violent and sexual crime data,https://data.unodc.org/sites/dataportal.unodc.org/files/2025-12/data_cts_violent_and_sexual_crime.xlsx,Italy does not provide a separate rape series in the UNODC extract used here; the sexual violence legal category is used as the rape proxy.,938916,2009,police-recorded count,Theft,UNODC economic crime data,https://data.unodc.org/sites/dataportal.unodc.org/files/2025-11/data_cts_corruption_and_economic_crime.xlsx,Direct theft count from the source series.,844951,2022,police-recorded count,Theft,UNODC economic crime data,https://data.unodc.org/sites/dataportal.unodc.org/files/2025-11/data_cts_corruption_and_economic_crime.xlsx,Direct theft count from the source series.,4963,2009,police-recorded count,Sexual violence,UNODC violent and sexual crime data,https://data.unodc.org/sites/dataportal.unodc.org/files/2025-12/data_cts_violent_and_sexual_crime.xlsx,Direct sexual-violence count from the source series.,6742,2023,police-recorded count,Sexual violence,UNODC violent and sexual crime data,https://data.unodc.org/sites/dataportal.unodc.org/files/2025-12/data_cts_violent_and_sexual_crime.xlsx,Direct sexual-violence count from the source series.
Latvia,2876,2009,police-recorded count,Burglary (petty-crime proxy),UNODC economic crime data,https://data.unodc.org/sites/dataportal.unodc.org/files/2025-11/data_cts_corruption_and_economic_crime.xlsx,Petty crime is not a standard international category; using burglary as the cross-country proxy.,2779,2022,police-recorded count,Burglary (petty-crime proxy),UNODC economic crime data,https://data.unodc.org/sites/dataportal.unodc.org/files/2025-11/data_cts_corruption_and_economic_crime.xlsx,Petty crime is not a standard international category; using burglary as the cross-country proxy.,69,2009,police-recorded count,Rape,UNODC violent and sexual crime data,https://data.unodc.org/sites/dataportal.unodc.org/files/2025-12/data_cts_violent_and_sexual_crime.xlsx,Direct rape count from the source series.,283,2023,police-recorded count,Rape,UNODC violent and sexual crime data,https://data.unodc.org/sites/dataportal.unodc.org/files/2025-12/data_cts_violent_and_sexual_crime.xlsx,Direct rape count from the source series.,27067,2009,police-recorded count,Theft,UNODC economic crime data,https://data.unodc.org/sites/dataportal.unodc.org/files/2025-11/data_cts_corruption_and_economic_crime.xlsx,Direct theft count from the source series.,9660,2022,police-recorded count,Theft,UNODC economic crime data,https://data.unodc.org/sites/dataportal.unodc.org/files/2025-11/data_cts_corruption_and_economic_crime.xlsx,Direct theft count from the source series.,315,2009,police-recorded count,Sexual violence,UNODC violent and sexual crime data,https://data.unodc.org/sites/dataportal.unodc.org/files/2025-12/data_cts_violent_and_sexual_crime.xlsx,Direct sexual-violence count from the source series.,551,2023,police-recorded count,Sexual violence,UNODC violent and sexual crime data,https://data.unodc.org/sites/dataportal.unodc.org/files/2025-12/data_cts_violent_and_sexual_crime.xlsx,Direct sexual-violence count from the source series.
Liechtenstein,195,2009,police-recorded count,Burglary (petty-crime proxy),UNODC economic crime data,https://data.unodc.org/sites/dataportal.unodc.org/files/2025-11/data_cts_corruption_and_economic_crime.xlsx,Petty crime is not a standard international category; using burglary as the cross-country proxy.,138,2022,police-recorded count,Burglary (petty-crime proxy),UNODC economic crime data,https://data.unodc.org/sites/dataportal.unodc.org/files/2025-11/data_cts_corruption_and_economic_crime.xlsx,Petty crime is not a standard international category; using burglary as the cross-country proxy.,0,2009,police-recorded count,Rape,UNODC violent and sexual crime data,https://data.unodc.org/sites/dataportal.unodc.org/files/2025-12/data_cts_violent_and_sexual_crime.xlsx,Direct rape count from the source series.,5,2023,police-recorded count,Rape,UNODC violent and sexual crime data,https://data.unodc.org/sites/dataportal.unodc.org/files/2025-12/data_cts_violent_and_sexual_crime.xlsx,Direct rape count from the source series.,194,2009,police-recorded count,Theft,UNODC economic crime data,https://data.unodc.org/sites/dataportal.unodc.org/files/2025-11/data_cts_corruption_and_economic_crime.xlsx,Direct theft count from the source series.,254,2022,police-recorded count,Theft,UNODC economic crime data,https://data.unodc.org/sites/dataportal.unodc.org/files/2025-11/data_cts_corruption_and_economic_crime.xlsx,Direct theft count from the source series.,3,2009,police-recorded count,Sexual violence,UNODC violent and sexual crime data,https://data.unodc.org/sites/dataportal.unodc.org/files/2025-12/data_cts_violent_and_sexual_crime.xlsx,Direct sexual-violence count from the source series.,20,2023,police-recorded count,Sexual violence,UNODC violent and sexual crime data,https://data.unodc.org/sites/dataportal.unodc.org/files/2025-12/data_cts_violent_and_sexual_crime.xlsx,Direct sexual-violence count from the source series.
Lithuania,5799,2009,police-recorded count,Domestic burglary (petty-crime proxy),Eurostat old domestic burglary table,https://ec.europa.eu/eurostat/statistics-explained/images/c/c4/SiF2013_Tables-and-graphs_07March13.xls,Petty crime is not a standard category; using domestic burglary as the proxy because Lithuania UNODC burglary starts after the 2000s.,812,2022,police-recorded count,Burglary (petty-crime proxy),UNODC economic crime data,https://data.unodc.org/sites/dataportal.unodc.org/files/2025-11/data_cts_corruption_and_economic_crime.xlsx,Petty crime is not a standard international category; using burglary as the cross-country proxy.,149,2009,police-recorded count,Rape,UNODC violent and sexual crime data,https://data.unodc.org/sites/dataportal.unodc.org/files/2025-12/data_cts_violent_and_sexual_crime.xlsx,Direct rape count from the source series.,92,2023,police-recorded count,Rape,UNODC violent and sexual crime data,https://data.unodc.org/sites/dataportal.unodc.org/files/2025-12/data_cts_violent_and_sexual_crime.xlsx,Direct rape count from the source series.,28412,2009,police-recorded count,Theft,UNODC economic crime data,https://data.unodc.org/sites/dataportal.unodc.org/files/2025-11/data_cts_corruption_and_economic_crime.xlsx,Direct theft count from the source series.,9628,2022,police-recorded count,Theft,UNODC economic crime data,https://data.unodc.org/sites/dataportal.unodc.org/files/2025-11/data_cts_corruption_and_economic_crime.xlsx,Direct theft count from the source series.,397,2009,police-recorded count,Sexual violence,UNODC violent and sexual crime data,https://data.unodc.org/sites/dataportal.unodc.org/files/2025-12/data_cts_violent_and_sexual_crime.xlsx,Direct sexual-violence count from the source series.,181,2023,police-recorded count,Sexual violence,UNODC violent and sexual crime data,https://data.unodc.org/sites/dataportal.unodc.org/files/2025-12/data_cts_violent_and_sexual_crime.xlsx,Direct sexual-violence count from the source series.
Luxembourg,2951,2009,police-recorded count,Burglary (petty-crime proxy),UNODC economic crime data,https://data.unodc.org/sites/dataportal.unodc.org/files/2025-11/data_cts_corruption_and_economic_crime.xlsx,Petty crime is not a standard international category; using burglary as the cross-country proxy.,4090,2022,police-recorded count,Burglary (petty-crime proxy),UNODC economic crime data,https://data.unodc.org/sites/dataportal.unodc.org/files/2025-11/data_cts_corruption_and_economic_crime.xlsx,Petty crime is not a standard international category; using burglary as the cross-country proxy.,56,2009,police-recorded count,Rape,UNODC violent and sexual crime data,https://data.unodc.org/sites/dataportal.unodc.org/files/2025-12/data_cts_violent_and_sexual_crime.xlsx,Direct rape count from the source series.,146,2023,police-recorded count,Rape,UNODC violent and sexual crime data,https://data.unodc.org/sites/dataportal.unodc.org/files/2025-12/data_cts_violent_and_sexual_crime.xlsx,Direct rape count from the source series.,6660,2009,police-recorded count,Theft,UNODC economic crime data,https://data.unodc.org/sites/dataportal.unodc.org/files/2025-11/data_cts_corruption_and_economic_crime.xlsx,Direct theft count from the source series.,16264,2022,police-recorded count,Theft,UNODC economic crime data,https://data.unodc.org/sites/dataportal.unodc.org/files/2025-11/data_cts_corruption_and_economic_crime.xlsx,Direct theft count from the source series.,208,2009,police-recorded count,Sexual violence,UNODC violent and sexual crime data,https://data.unodc.org/sites/dataportal.unodc.org/files/2025-12/data_cts_violent_and_sexual_crime.xlsx,Direct sexual-violence count from the source series.,305,2023,police-recorded count,Sexual violence,UNODC violent and sexual crime data,https://data.unodc.org/sites/dataportal.unodc.org/files/2025-12/data_cts_violent_and_sexual_crime.xlsx,Direct sexual-violence count from the source series.
Malta,1352,2009,police-recorded count,Burglary (petty-crime proxy),UNODC economic crime data,https://data.unodc.org/sites/dataportal.unodc.org/files/2025-11/data_cts_corruption_and_economic_crime.xlsx,Petty crime is not a standard international category; using burglary as the cross-country proxy.,896,2022,police-recorded count,Burglary (petty-crime proxy),UNODC economic crime data,https://data.unodc.org/sites/dataportal.unodc.org/files/2025-11/data_cts_corruption_and_economic_crime.xlsx,Petty crime is not a standard international category; using burglary as the cross-country proxy.,12,2009,police-recorded count,Rape,UNODC violent and sexual crime data,https://data.unodc.org/sites/dataportal.unodc.org/files/2025-12/data_cts_violent_and_sexual_crime.xlsx,Direct rape count from the source series.,63,2023,police-recorded count,Rape,UNODC violent and sexual crime data,https://data.unodc.org/sites/dataportal.unodc.org/files/2025-12/data_cts_violent_and_sexual_crime.xlsx,Direct rape count from the source series.,6843,2009,police-recorded count,Theft,UNODC economic crime data,https://data.unodc.org/sites/dataportal.unodc.org/files/2025-11/data_cts_corruption_and_economic_crime.xlsx,Direct theft count from the source series.,3584,2022,police-recorded count,Theft,UNODC economic crime data,https://data.unodc.org/sites/dataportal.unodc.org/files/2025-11/data_cts_corruption_and_economic_crime.xlsx,Direct theft count from the source series.,82,2009,police-recorded count,Sexual violence,UNODC violent and sexual crime data,https://data.unodc.org/sites/dataportal.unodc.org/files/2025-12/data_cts_violent_and_sexual_crime.xlsx,Direct sexual-violence count from the source series.,157,2023,police-recorded count,Sexual violence,UNODC violent and sexual crime data,https://data.unodc.org/sites/dataportal.unodc.org/files/2025-12/data_cts_violent_and_sexual_crime.xlsx,Direct sexual-violence count from the source series.
Moldova,3014,2009,police-recorded count,Burglary (petty-crime proxy),UNODC economic crime data,https://data.unodc.org/sites/dataportal.unodc.org/files/2025-11/data_cts_corruption_and_economic_crime.xlsx,Petty crime is not a standard international category; using burglary as the cross-country proxy.,6122,2014,police-recorded count,Burglary (petty-crime proxy),UNODC economic crime data,https://data.unodc.org/sites/dataportal.unodc.org/files/2025-11/data_cts_corruption_and_economic_crime.xlsx,Petty crime is not a standard international category; using burglary as the cross-country proxy.,264,2009,police-recorded count,Rape,UNODC violent and sexual crime data,https://data.unodc.org/sites/dataportal.unodc.org/files/2025-12/data_cts_violent_and_sexual_crime.xlsx,Direct rape count from the source series.,289,2023,police-recorded count,Rape,UNODC violent and sexual crime data,https://data.unodc.org/sites/dataportal.unodc.org/files/2025-12/data_cts_violent_and_sexual_crime.xlsx,Direct rape count from the source series.,9136,2009,police-recorded count,Theft,UNODC economic crime data,https://data.unodc.org/sites/dataportal.unodc.org/files/2025-11/data_cts_corruption_and_economic_crime.xlsx,Direct theft count from the source series.,8066,2020,police-recorded count,Theft,UNODC economic crime data,https://data.unodc.org/sites/dataportal.unodc.org/files/2025-11/data_cts_corruption_and_economic_crime.xlsx,Direct theft count from the source series.,402,2009,police-recorded count,Sexual violence,UNODC violent and sexual crime data,https://data.unodc.org/sites/dataportal.unodc.org/files/2025-12/data_cts_violent_and_sexual_crime.xlsx,Direct sexual-violence count from the source series.,551,2023,police-recorded count,Sexual violence,UNODC violent and sexual crime data,https://data.unodc.org/sites/dataportal.unodc.org/files/2025-12/data_cts_violent_and_sexual_crime.xlsx,Direct sexual-violence count from the source series.
Monaco,78,2006,police-recorded count,Burglary (petty-crime proxy),UNODC economic crime data,https://data.unodc.org/sites/dataportal.unodc.org/files/2025-11/data_cts_corruption_and_economic_crime.xlsx,Petty crime is not a standard international category; using burglary as the cross-country proxy.,14,2016,police-recorded count,Burglary (petty-crime proxy),UNODC economic crime data,https://data.unodc.org/sites/dataportal.unodc.org/files/2025-11/data_cts_corruption_and_economic_crime.xlsx,Petty crime is not a standard international category; using burglary as the cross-country proxy.,2,2006,police-recorded count,Rape,UNODC violent and sexual crime data,https://data.unodc.org/sites/dataportal.unodc.org/files/2025-12/data_cts_violent_and_sexual_crime.xlsx,Direct rape count from the source series.,5,2016,police-recorded count,Rape,UNODC violent and sexual crime data,https://data.unodc.org/sites/dataportal.unodc.org/files/2025-12/data_cts_violent_and_sexual_crime.xlsx,Direct rape count from the source series.,346,2006,police-recorded count,Theft,UNODC economic crime data,https://data.unodc.org/sites/dataportal.unodc.org/files/2025-11/data_cts_corruption_and_economic_crime.xlsx,Direct theft count from the source series.,416,2016,police-recorded count,Theft,UNODC economic crime data,https://data.unodc.org/sites/dataportal.unodc.org/files/2025-11/data_cts_corruption_and_economic_crime.xlsx,Direct theft count from the source series.,2,2006,police-recorded count,Rape (sexual-crime proxy),UNODC violent and sexual crime data,https://data.unodc.org/sites/dataportal.unodc.org/files/2025-12/data_cts_violent_and_sexual_crime.xlsx,Broader sexual-violence data are unavailable for Monaco in the 2000s; rape is used as the fallback sexual-crime proxy.,5,2016,police-recorded count,Sexual violence,UNODC violent and sexual crime data,https://data.unodc.org/sites/dataportal.unodc.org/files/2025-12/data_cts_violent_and_sexual_crime.xlsx,Direct sexual-violence count from the source series.
Montenegro,1673,2009,police-recorded count,Burglary (petty-crime proxy),UNODC economic crime data,https://data.unodc.org/sites/dataportal.unodc.org/files/2025-11/data_cts_corruption_and_economic_crime.xlsx,Petty crime is not a standard international category; using burglary as the cross-country proxy.,462,2022,police-recorded count,Burglary (petty-crime proxy),UNODC economic crime data,https://data.unodc.org/sites/dataportal.unodc.org/files/2025-11/data_cts_corruption_and_economic_crime.xlsx,Petty crime is not a standard international category; using burglary as the cross-country proxy.,9,2009,police-recorded count,Rape,UNODC violent and sexual crime data,https://data.unodc.org/sites/dataportal.unodc.org/files/2025-12/data_cts_violent_and_sexual_crime.xlsx,Direct rape count from the source series.,15,2023,police-recorded count,Rape,UNODC violent and sexual crime data,https://data.unodc.org/sites/dataportal.unodc.org/files/2025-12/data_cts_violent_and_sexual_crime.xlsx,Direct rape count from the source series.,605,2009,police-recorded count,Theft,UNODC economic crime data,https://data.unodc.org/sites/dataportal.unodc.org/files/2025-11/data_cts_corruption_and_economic_crime.xlsx,Direct theft count from the source series.,340,2022,police-recorded count,Theft,UNODC economic crime data,https://data.unodc.org/sites/dataportal.unodc.org/files/2025-11/data_cts_corruption_and_economic_crime.xlsx,Direct theft count from the source series.,42,2009,police-recorded count,Sexual violence,UNODC violent and sexual crime data,https://data.unodc.org/sites/dataportal.unodc.org/files/2025-12/data_cts_violent_and_sexual_crime.xlsx,Direct sexual-violence count from the source series.,40,2023,police-recorded count,Sexual violence,UNODC violent and sexual crime data,https://data.unodc.org/sites/dataportal.unodc.org/files/2025-12/data_cts_violent_and_sexual_crime.xlsx,Direct sexual-violence count from the source series.
Netherlands,283785,2009,police-recorded count,Burglary (petty-crime proxy),UNODC economic crime data,https://data.unodc.org/sites/dataportal.unodc.org/files/2025-11/data_cts_corruption_and_economic_crime.xlsx,Petty crime is not a standard international category; using burglary as the cross-country proxy.,37315,2022,police-recorded count,Burglary (petty-crime proxy),UNODC economic crime data,https://data.unodc.org/sites/dataportal.unodc.org/files/2025-11/data_cts_corruption_and_economic_crime.xlsx,Petty crime is not a standard international category; using burglary as the cross-country proxy.,1920,2009,police-recorded count,Rape,UNODC violent and sexual crime data,https://data.unodc.org/sites/dataportal.unodc.org/files/2025-12/data_cts_violent_and_sexual_crime.xlsx,Direct rape count from the source series.,2415,2023,police-recorded count,Rape,UNODC violent and sexual crime data,https://data.unodc.org/sites/dataportal.unodc.org/files/2025-12/data_cts_violent_and_sexual_crime.xlsx,Direct rape count from the source series.,681465,2009,police-recorded count,Theft,UNODC economic crime data,https://data.unodc.org/sites/dataportal.unodc.org/files/2025-11/data_cts_corruption_and_economic_crime.xlsx,Direct theft count from the source series.,233055,2022,police-recorded count,Theft,UNODC economic crime data,https://data.unodc.org/sites/dataportal.unodc.org/files/2025-11/data_cts_corruption_and_economic_crime.xlsx,Direct theft count from the source series.,10245,2009,police-recorded count,Sexual violence,UNODC violent and sexual crime data,https://data.unodc.org/sites/dataportal.unodc.org/files/2025-12/data_cts_violent_and_sexual_crime.xlsx,Direct sexual-violence count from the source series.,4970,2023,police-recorded count,Sexual violence,UNODC violent and sexual crime data,https://data.unodc.org/sites/dataportal.unodc.org/files/2025-12/data_cts_violent_and_sexual_crime.xlsx,Direct sexual-violence count from the source series.
New Zealand,61405,2009,police-recorded count,Burglary (petty-crime proxy),UNODC economic crime data,https://data.unodc.org/sites/dataportal.unodc.org/files/2025-11/data_cts_corruption_and_economic_crime.xlsx,Petty crime is not a standard international category; using burglary as the cross-country proxy.,58201,2020,police-recorded count,Burglary (petty-crime proxy),UNODC economic crime data,https://data.unodc.org/sites/dataportal.unodc.org/files/2025-11/data_cts_corruption_and_economic_crime.xlsx,Petty crime is not a standard international category; using burglary as the cross-country proxy.,1128,2009,police-recorded count,Rape,UNODC violent and sexual crime data,https://data.unodc.org/sites/dataportal.unodc.org/files/2025-12/data_cts_violent_and_sexual_crime.xlsx,Direct rape count from the source series.,3029,2023,police-recorded count,Rape,UNODC violent and sexual crime data,https://data.unodc.org/sites/dataportal.unodc.org/files/2025-12/data_cts_violent_and_sexual_crime.xlsx,Direct rape count from the source series.,123151,2009,police-recorded count,Theft,UNODC economic crime data,https://data.unodc.org/sites/dataportal.unodc.org/files/2025-11/data_cts_corruption_and_economic_crime.xlsx,Direct theft count from the source series.,134146,2020,police-recorded count,Theft,UNODC economic crime data,https://data.unodc.org/sites/dataportal.unodc.org/files/2025-11/data_cts_corruption_and_economic_crime.xlsx,Direct theft count from the source series.,2826,2009,police-recorded count,Sexual violence,UNODC violent and sexual crime data,https://data.unodc.org/sites/dataportal.unodc.org/files/2025-12/data_cts_violent_and_sexual_crime.xlsx,Direct sexual-violence count from the source series.,6065,2023,police-recorded count,Sexual violence,UNODC violent and sexual crime data,https://data.unodc.org/sites/dataportal.unodc.org/files/2025-12/data_cts_violent_and_sexual_crime.xlsx,Direct sexual-violence count from the source series.
Norway,23676,2009,police-recorded count,Burglary (petty-crime proxy),UNODC economic crime data,https://data.unodc.org/sites/dataportal.unodc.org/files/2025-11/data_cts_corruption_and_economic_crime.xlsx,Petty crime is not a standard international category; using burglary as the cross-country proxy.,14890,2014,police-recorded count,Burglary (petty-crime proxy),UNODC economic crime data,https://data.unodc.org/sites/dataportal.unodc.org/files/2025-11/data_cts_corruption_and_economic_crime.xlsx,Petty crime is not a standard international category; using burglary as the cross-country proxy.,998,2009,police-recorded count,Rape,UNODC violent and sexual crime data,https://data.unodc.org/sites/dataportal.unodc.org/files/2025-12/data_cts_violent_and_sexual_crime.xlsx,Direct rape count from the source series.,2325,2023,police-recorded count,Rape,UNODC violent and sexual crime data,https://data.unodc.org/sites/dataportal.unodc.org/files/2025-12/data_cts_violent_and_sexual_crime.xlsx,Direct rape count from the source series.,133420,2009,police-recorded count,Theft,UNODC economic crime data,https://data.unodc.org/sites/dataportal.unodc.org/files/2025-11/data_cts_corruption_and_economic_crime.xlsx,Direct theft count from the source series.,99312,2022,police-recorded count,Theft,UNODC economic crime data,https://data.unodc.org/sites/dataportal.unodc.org/files/2025-11/data_cts_corruption_and_economic_crime.xlsx,Direct theft count from the source series.,2410,2009,police-recorded count,Sexual violence,UNODC violent and sexual crime data,https://data.unodc.org/sites/dataportal.unodc.org/files/2025-12/data_cts_violent_and_sexual_crime.xlsx,Direct sexual-violence count from the source series.,5262,2023,police-recorded count,Sexual violence,UNODC violent and sexual crime data,https://data.unodc.org/sites/dataportal.unodc.org/files/2025-12/data_cts_violent_and_sexual_crime.xlsx,Direct sexual-violence count from the source series.
Poland,135383,2009,police-recorded count,Burglary (petty-crime proxy),UNODC economic crime data,https://data.unodc.org/sites/dataportal.unodc.org/files/2025-11/data_cts_corruption_and_economic_crime.xlsx,Petty crime is not a standard international category; using burglary as the cross-country proxy.,70256,2022,police-recorded count,Burglary (petty-crime proxy),UNODC economic crime data,https://data.unodc.org/sites/dataportal.unodc.org/files/2025-11/data_cts_corruption_and_economic_crime.xlsx,Petty crime is not a standard international category; using burglary as the cross-country proxy.,1530,2009,police-recorded count,Rape,UNODC violent and sexual crime data,https://data.unodc.org/sites/dataportal.unodc.org/files/2025-12/data_cts_violent_and_sexual_crime.xlsx,Direct rape count from the source series.,499,2023,police-recorded count,Rape,UNODC violent and sexual crime data,https://data.unodc.org/sites/dataportal.unodc.org/files/2025-12/data_cts_violent_and_sexual_crime.xlsx,Direct rape count from the source series.,190923,2009,police-recorded count,Theft,UNODC economic crime data,https://data.unodc.org/sites/dataportal.unodc.org/files/2025-11/data_cts_corruption_and_economic_crime.xlsx,Direct theft count from the source series.,120901,2022,police-recorded count,Theft,UNODC economic crime data,https://data.unodc.org/sites/dataportal.unodc.org/files/2025-11/data_cts_corruption_and_economic_crime.xlsx,Direct theft count from the source series.,3187,2009,police-recorded count,Sexual violence,UNODC violent and sexual crime data,https://data.unodc.org/sites/dataportal.unodc.org/files/2025-12/data_cts_violent_and_sexual_crime.xlsx,Direct sexual-violence count from the source series.,3515,2023,police-recorded count,Sexual violence,UNODC violent and sexual crime data,https://data.unodc.org/sites/dataportal.unodc.org/files/2025-12/data_cts_violent_and_sexual_crime.xlsx,Direct sexual-violence count from the source series.
Portugal,49317,2009,police-recorded count,Burglary (petty-crime proxy),UNODC economic crime data,https://data.unodc.org/sites/dataportal.unodc.org/files/2025-11/data_cts_corruption_and_economic_crime.xlsx,Petty crime is not a standard international category; using burglary as the cross-country proxy.,16941,2022,police-recorded count,Burglary (petty-crime proxy),UNODC economic crime data,https://data.unodc.org/sites/dataportal.unodc.org/files/2025-11/data_cts_corruption_and_economic_crime.xlsx,Petty crime is not a standard international category; using burglary as the cross-country proxy.,377,2009,police-recorded count,Rape,UNODC violent and sexual crime data,https://data.unodc.org/sites/dataportal.unodc.org/files/2025-12/data_cts_violent_and_sexual_crime.xlsx,Direct rape count from the source series.,494,2023,police-recorded count,Rape,UNODC violent and sexual crime data,https://data.unodc.org/sites/dataportal.unodc.org/files/2025-12/data_cts_violent_and_sexual_crime.xlsx,Direct rape count from the source series.,121199,2009,police-recorded count,Theft,UNODC economic crime data,https://data.unodc.org/sites/dataportal.unodc.org/files/2025-11/data_cts_corruption_and_economic_crime.xlsx,Direct theft count from the source series.,73365,2022,police-recorded count,Theft,UNODC economic crime data,https://data.unodc.org/sites/dataportal.unodc.org/files/2025-11/data_cts_corruption_and_economic_crime.xlsx,Direct theft count from the source series.,2556,2009,police-recorded count,Sexual violence,UNODC violent and sexual crime data,https://data.unodc.org/sites/dataportal.unodc.org/files/2025-12/data_cts_violent_and_sexual_crime.xlsx,Direct sexual-violence count from the source series.,3218,2023,police-recorded count,Sexual violence,UNODC violent and sexual crime data,https://data.unodc.org/sites/dataportal.unodc.org/files/2025-12/data_cts_violent_and_sexual_crime.xlsx,Direct sexual-violence count from the source series.
Romania,11574,2009,police-recorded count,Burglary (petty-crime proxy),UNODC economic crime data,https://data.unodc.org/sites/dataportal.unodc.org/files/2025-11/data_cts_corruption_and_economic_crime.xlsx,Petty crime is not a standard international category; using burglary as the cross-country proxy.,25449,2022,police-recorded count,Burglary (petty-crime proxy),UNODC economic crime data,https://data.unodc.org/sites/dataportal.unodc.org/files/2025-11/data_cts_corruption_and_economic_crime.xlsx,Petty crime is not a standard international category; using burglary as the cross-country proxy.,1007,2009,police-recorded count,Rape,UNODC violent and sexual crime data,https://data.unodc.org/sites/dataportal.unodc.org/files/2025-12/data_cts_violent_and_sexual_crime.xlsx,Direct rape count from the source series.,2660,2023,police-recorded count,Rape,UNODC violent and sexual crime data,https://data.unodc.org/sites/dataportal.unodc.org/files/2025-12/data_cts_violent_and_sexual_crime.xlsx,Direct rape count from the source series.,46431,2009,police-recorded count,Theft,UNODC economic crime data,https://data.unodc.org/sites/dataportal.unodc.org/files/2025-11/data_cts_corruption_and_economic_crime.xlsx,Direct theft count from the source series.,59293,2022,police-recorded count,Theft,UNODC economic crime data,https://data.unodc.org/sites/dataportal.unodc.org/files/2025-11/data_cts_corruption_and_economic_crime.xlsx,Direct theft count from the source series.,1605,2009,police-recorded count,Sexual violence,UNODC violent and sexual crime data,https://data.unodc.org/sites/dataportal.unodc.org/files/2025-12/data_cts_violent_and_sexual_crime.xlsx,Direct sexual-violence count from the source series.,3217,2023,police-recorded count,Sexual violence,UNODC violent and sexual crime data,https://data.unodc.org/sites/dataportal.unodc.org/files/2025-12/data_cts_violent_and_sexual_crime.xlsx,Direct sexual-violence count from the source series.
Russia,381211,2009,police-recorded count,Burglary (petty-crime proxy),UNODC economic crime data,https://data.unodc.org/sites/dataportal.unodc.org/files/2025-11/data_cts_corruption_and_economic_crime.xlsx,Petty crime is not a standard international category; using burglary as the cross-country proxy.,138692,2020,police-recorded count,Burglary (petty-crime proxy),UNODC economic crime data,https://data.unodc.org/sites/dataportal.unodc.org/files/2025-11/data_cts_corruption_and_economic_crime.xlsx,Petty crime is not a standard international category; using burglary as the cross-country proxy.,5398,2009,police-recorded count,Rape,UNODC violent and sexual crime data,https://data.unodc.org/sites/dataportal.unodc.org/files/2025-12/data_cts_violent_and_sexual_crime.xlsx,Direct rape count from the source series.,8500,2020,police-recorded count,Rape,UNODC violent and sexual crime data,https://data.unodc.org/sites/dataportal.unodc.org/files/2025-12/data_cts_violent_and_sexual_crime.xlsx,Direct rape count from the source series.,1188574,2009,police-recorded count,Theft,UNODC economic crime data,https://data.unodc.org/sites/dataportal.unodc.org/files/2025-11/data_cts_corruption_and_economic_crime.xlsx,Direct theft count from the source series.,679482,2020,police-recorded count,Theft,UNODC economic crime data,https://data.unodc.org/sites/dataportal.unodc.org/files/2025-11/data_cts_corruption_and_economic_crime.xlsx,Direct theft count from the source series.,17903,2009,police-recorded count,Sexual violence,UNODC violent and sexual crime data,https://data.unodc.org/sites/dataportal.unodc.org/files/2025-12/data_cts_violent_and_sexual_crime.xlsx,Direct sexual-violence count from the source series.,18715,2020,police-recorded count,Sexual violence,UNODC violent and sexual crime data,https://data.unodc.org/sites/dataportal.unodc.org/files/2025-12/data_cts_violent_and_sexual_crime.xlsx,Direct sexual-violence count from the source series.
Serbia,14201,2009,police-recorded count,Burglary (petty-crime proxy),UNODC economic crime data,https://data.unodc.org/sites/dataportal.unodc.org/files/2025-11/data_cts_corruption_and_economic_crime.xlsx,Petty crime is not a standard international category; using burglary as the cross-country proxy.,9491,2022,police-recorded count,Burglary (petty-crime proxy),UNODC economic crime data,https://data.unodc.org/sites/dataportal.unodc.org/files/2025-11/data_cts_corruption_and_economic_crime.xlsx,Petty crime is not a standard international category; using burglary as the cross-country proxy.,111,2009,police-recorded count,Rape,UNODC violent and sexual crime data,https://data.unodc.org/sites/dataportal.unodc.org/files/2025-12/data_cts_violent_and_sexual_crime.xlsx,Direct rape count from the source series.,87,2023,police-recorded count,Rape,UNODC violent and sexual crime data,https://data.unodc.org/sites/dataportal.unodc.org/files/2025-12/data_cts_violent_and_sexual_crime.xlsx,Direct rape count from the source series.,14538,2009,police-recorded count,Theft,UNODC economic crime data,https://data.unodc.org/sites/dataportal.unodc.org/files/2025-11/data_cts_corruption_and_economic_crime.xlsx,Direct theft count from the source series.,17574,2022,police-recorded count,Theft,UNODC economic crime data,https://data.unodc.org/sites/dataportal.unodc.org/files/2025-11/data_cts_corruption_and_economic_crime.xlsx,Direct theft count from the source series.,455,2009,police-recorded count,Sexual violence,UNODC violent and sexual crime data,https://data.unodc.org/sites/dataportal.unodc.org/files/2025-12/data_cts_violent_and_sexual_crime.xlsx,Direct sexual-violence count from the source series.,537,2023,police-recorded count,Sexual violence,UNODC violent and sexual crime data,https://data.unodc.org/sites/dataportal.unodc.org/files/2025-12/data_cts_violent_and_sexual_crime.xlsx,Direct sexual-violence count from the source series.
Slovakia,15394,2009,police-recorded count,Burglary (petty-crime proxy),UNODC economic crime data,https://data.unodc.org/sites/dataportal.unodc.org/files/2025-11/data_cts_corruption_and_economic_crime.xlsx,Petty crime is not a standard international category; using burglary as the cross-country proxy.,3521,2022,police-recorded count,Burglary (petty-crime proxy),UNODC economic crime data,https://data.unodc.org/sites/dataportal.unodc.org/files/2025-11/data_cts_corruption_and_economic_crime.xlsx,Petty crime is not a standard international category; using burglary as the cross-country proxy.,142,2009,police-recorded count,Rape,UNODC violent and sexual crime data,https://data.unodc.org/sites/dataportal.unodc.org/files/2025-12/data_cts_violent_and_sexual_crime.xlsx,Direct rape count from the source series.,100,2023,police-recorded count,Rape,UNODC violent and sexual crime data,https://data.unodc.org/sites/dataportal.unodc.org/files/2025-12/data_cts_violent_and_sexual_crime.xlsx,Direct rape count from the source series.,27770,2009,police-recorded count,Theft,UNODC economic crime data,https://data.unodc.org/sites/dataportal.unodc.org/files/2025-11/data_cts_corruption_and_economic_crime.xlsx,Direct theft count from the source series.,13598,2022,police-recorded count,Theft,UNODC economic crime data,https://data.unodc.org/sites/dataportal.unodc.org/files/2025-11/data_cts_corruption_and_economic_crime.xlsx,Direct theft count from the source series.,626,2009,police-recorded count,Sexual violence,UNODC violent and sexual crime data,https://data.unodc.org/sites/dataportal.unodc.org/files/2025-12/data_cts_violent_and_sexual_crime.xlsx,Direct sexual-violence count from the source series.,588,2023,police-recorded count,Sexual violence,UNODC violent and sexual crime data,https://data.unodc.org/sites/dataportal.unodc.org/files/2025-12/data_cts_violent_and_sexual_crime.xlsx,Direct sexual-violence count from the source series.
Slovenia,15510,2009,police-recorded count,Burglary (petty-crime proxy),UNODC economic crime data,https://data.unodc.org/sites/dataportal.unodc.org/files/2025-11/data_cts_corruption_and_economic_crime.xlsx,Petty crime is not a standard international category; using burglary as the cross-country proxy.,5605,2022,police-recorded count,Burglary (petty-crime proxy),UNODC economic crime data,https://data.unodc.org/sites/dataportal.unodc.org/files/2025-11/data_cts_corruption_and_economic_crime.xlsx,Petty crime is not a standard international category; using burglary as the cross-country proxy.,79,2009,police-recorded count,Rape,UNODC violent and sexual crime data,https://data.unodc.org/sites/dataportal.unodc.org/files/2025-12/data_cts_violent_and_sexual_crime.xlsx,Direct rape count from the source series.,258,2023,police-recorded count,Rape,UNODC violent and sexual crime data,https://data.unodc.org/sites/dataportal.unodc.org/files/2025-12/data_cts_violent_and_sexual_crime.xlsx,Direct rape count from the source series.,27980,2009,police-recorded count,Theft,UNODC economic crime data,https://data.unodc.org/sites/dataportal.unodc.org/files/2025-11/data_cts_corruption_and_economic_crime.xlsx,Direct theft count from the source series.,21548,2022,police-recorded count,Theft,UNODC economic crime data,https://data.unodc.org/sites/dataportal.unodc.org/files/2025-11/data_cts_corruption_and_economic_crime.xlsx,Direct theft count from the source series.,345,2009,police-recorded count,Sexual violence,UNODC violent and sexual crime data,https://data.unodc.org/sites/dataportal.unodc.org/files/2025-12/data_cts_violent_and_sexual_crime.xlsx,Direct sexual-violence count from the source series.,344,2023,police-recorded count,Sexual violence,UNODC violent and sexual crime data,https://data.unodc.org/sites/dataportal.unodc.org/files/2025-12/data_cts_violent_and_sexual_crime.xlsx,Direct sexual-violence count from the source series.
Spain,191853,2009,police-recorded count,Burglary (petty-crime proxy),UNODC economic crime data,https://data.unodc.org/sites/dataportal.unodc.org/files/2025-11/data_cts_corruption_and_economic_crime.xlsx,Petty crime is not a standard international category; using burglary as the cross-country proxy.,148712,2022,police-recorded count,Burglary (petty-crime proxy),UNODC economic crime data,https://data.unodc.org/sites/dataportal.unodc.org/files/2025-11/data_cts_corruption_and_economic_crime.xlsx,Petty crime is not a standard international category; using burglary as the cross-country proxy.,2051,2009,police-recorded count,Rape,UNODC violent and sexual crime data,https://data.unodc.org/sites/dataportal.unodc.org/files/2025-12/data_cts_violent_and_sexual_crime.xlsx,Direct rape count from the source series.,4890,2023,police-recorded count,Rape,UNODC violent and sexual crime data,https://data.unodc.org/sites/dataportal.unodc.org/files/2025-12/data_cts_violent_and_sexual_crime.xlsx,Direct rape count from the source series.,139750,2009,police-recorded count,Theft,UNODC economic crime data,https://data.unodc.org/sites/dataportal.unodc.org/files/2025-11/data_cts_corruption_and_economic_crime.xlsx,Direct theft count from the source series.,181687,2022,police-recorded count,Theft,UNODC economic crime data,https://data.unodc.org/sites/dataportal.unodc.org/files/2025-11/data_cts_corruption_and_economic_crime.xlsx,Direct theft count from the source series.,10684,2009,police-recorded count,Sexual violence,UNODC violent and sexual crime data,https://data.unodc.org/sites/dataportal.unodc.org/files/2025-12/data_cts_violent_and_sexual_crime.xlsx,Direct sexual-violence count from the source series.,19119,2023,police-recorded count,Sexual violence,UNODC violent and sexual crime data,https://data.unodc.org/sites/dataportal.unodc.org/files/2025-12/data_cts_violent_and_sexual_crime.xlsx,Direct sexual-violence count from the source series.
Sweden,95824,2009,police-recorded count,Burglary (petty-crime proxy),UNODC economic crime data,https://data.unodc.org/sites/dataportal.unodc.org/files/2025-11/data_cts_corruption_and_economic_crime.xlsx,Petty crime is not a standard international category; using burglary as the cross-country proxy.,69327,2022,police-recorded count,Burglary (petty-crime proxy),UNODC economic crime data,https://data.unodc.org/sites/dataportal.unodc.org/files/2025-11/data_cts_corruption_and_economic_crime.xlsx,Petty crime is not a standard international category; using burglary as the cross-country proxy.,5453,2009,police-recorded count,Rape,UNODC violent and sexual crime data,https://data.unodc.org/sites/dataportal.unodc.org/files/2025-12/data_cts_violent_and_sexual_crime.xlsx,Direct rape count from the source series.,8908,2023,police-recorded count,Rape,UNODC violent and sexual crime data,https://data.unodc.org/sites/dataportal.unodc.org/files/2025-12/data_cts_violent_and_sexual_crime.xlsx,Direct rape count from the source series.,385519,2009,police-recorded count,Theft,UNODC economic crime data,https://data.unodc.org/sites/dataportal.unodc.org/files/2025-11/data_cts_corruption_and_economic_crime.xlsx,Direct theft count from the source series.,298778,2022,police-recorded count,Theft,UNODC economic crime data,https://data.unodc.org/sites/dataportal.unodc.org/files/2025-11/data_cts_corruption_and_economic_crime.xlsx,Direct theft count from the source series.,16038,2009,police-recorded count,Sexual violence,UNODC violent and sexual crime data,https://data.unodc.org/sites/dataportal.unodc.org/files/2025-12/data_cts_violent_and_sexual_crime.xlsx,Direct sexual-violence count from the source series.,20210,2023,police-recorded count,Sexual violence,UNODC violent and sexual crime data,https://data.unodc.org/sites/dataportal.unodc.org/files/2025-12/data_cts_violent_and_sexual_crime.xlsx,Direct sexual-violence count from the source series.
Switzerland,64268,2009,police-recorded count,Burglary (petty-crime proxy),UNODC economic crime data,https://data.unodc.org/sites/dataportal.unodc.org/files/2025-11/data_cts_corruption_and_economic_crime.xlsx,Petty crime is not a standard international category; using burglary as the cross-country proxy.,35732,2022,police-recorded count,Burglary (petty-crime proxy),UNODC economic crime data,https://data.unodc.org/sites/dataportal.unodc.org/files/2025-11/data_cts_corruption_and_economic_crime.xlsx,Petty crime is not a standard international category; using burglary as the cross-country proxy.,666,2009,police-recorded count,Rape,UNODC violent and sexual crime data,https://data.unodc.org/sites/dataportal.unodc.org/files/2025-12/data_cts_violent_and_sexual_crime.xlsx,Direct rape count from the source series.,839,2023,police-recorded count,Rape,UNODC violent and sexual crime data,https://data.unodc.org/sites/dataportal.unodc.org/files/2025-12/data_cts_violent_and_sexual_crime.xlsx,Direct rape count from the source series.,125068,2009,police-recorded count,Theft,UNODC economic crime data,https://data.unodc.org/sites/dataportal.unodc.org/files/2025-11/data_cts_corruption_and_economic_crime.xlsx,Direct theft count from the source series.,138970,2022,police-recorded count,Theft,UNODC economic crime data,https://data.unodc.org/sites/dataportal.unodc.org/files/2025-11/data_cts_corruption_and_economic_crime.xlsx,Direct theft count from the source series.,6648,2009,police-recorded count,Sexual violence,UNODC violent and sexual crime data,https://data.unodc.org/sites/dataportal.unodc.org/files/2025-12/data_cts_violent_and_sexual_crime.xlsx,Direct sexual-violence count from the source series.,2988,2023,police-recorded count,Sexual violence,UNODC violent and sexual crime data,https://data.unodc.org/sites/dataportal.unodc.org/files/2025-12/data_cts_violent_and_sexual_crime.xlsx,Direct sexual-violence count from the source series.
Ukraine,175876,2009,police-recorded count,Theft (petty-crime proxy),UNODC economic crime data,https://data.unodc.org/sites/dataportal.unodc.org/files/2025-11/data_cts_corruption_and_economic_crime.xlsx,Petty crime is not a standard category; using theft as the 2000s proxy because Ukraine burglary data are not available before 2017 in the extracted UNODC file.,27056,2020,police-recorded count,Burglary (petty-crime proxy),UNODC economic crime data,https://data.unodc.org/sites/dataportal.unodc.org/files/2025-11/data_cts_corruption_and_economic_crime.xlsx,Petty crime is not a standard international category; using burglary as the cross-country proxy.,758,2009,police-recorded count,Rape,UNODC violent and sexual crime data,https://data.unodc.org/sites/dataportal.unodc.org/files/2025-12/data_cts_violent_and_sexual_crime.xlsx,Direct rape count from the source series.,374,2020,police-recorded count,Rape,UNODC violent and sexual crime data,https://data.unodc.org/sites/dataportal.unodc.org/files/2025-12/data_cts_violent_and_sexual_crime.xlsx,Direct rape count from the source series.,175876,2009,police-recorded count,Theft,UNODC economic crime data,https://data.unodc.org/sites/dataportal.unodc.org/files/2025-11/data_cts_corruption_and_economic_crime.xlsx,Direct theft count from the source series.,120589,2020,police-recorded count,Theft,UNODC economic crime data,https://data.unodc.org/sites/dataportal.unodc.org/files/2025-11/data_cts_corruption_and_economic_crime.xlsx,Direct theft count from the source series.,1698,2009,police-recorded count,Sexual violence,UNODC violent and sexual crime data,https://data.unodc.org/sites/dataportal.unodc.org/files/2025-12/data_cts_violent_and_sexual_crime.xlsx,Direct sexual-violence count from the source series.,696,2020,police-recorded count,Sexual violence,UNODC violent and sexual crime data,https://data.unodc.org/sites/dataportal.unodc.org/files/2025-12/data_cts_violent_and_sexual_crime.xlsx,Direct sexual-violence count from the source series.
United Kingdom,577118,2009,police-recorded count,Burglary (petty-crime proxy),UNODC economic crime data,https://data.unodc.org/sites/dataportal.unodc.org/files/2025-11/data_cts_corruption_and_economic_crime.xlsx,"Petty crime is not a standard international category; using burglary as the cross-country proxy. UK values are aggregated from England and Wales, Scotland, and Northern Ireland where all three series exist for the same year.",278497,2021,police-recorded count,Burglary (petty-crime proxy),UNODC economic crime data,https://data.unodc.org/sites/dataportal.unodc.org/files/2025-11/data_cts_corruption_and_economic_crime.xlsx,"Petty crime is not a standard international category; using burglary as the cross-country proxy. UK values are aggregated from England and Wales, Scotland, and Northern Ireland where all three series exist for the same year.",16393,2009,police-recorded count,Rape,UNODC violent and sexual crime data,https://data.unodc.org/sites/dataportal.unodc.org/files/2025-12/data_cts_violent_and_sexual_crime.xlsx,"Direct rape count from the source series. UK values are aggregated from England and Wales, Scotland, and Northern Ireland where all three series exist for the same year.",73586,2022,police-recorded count,Rape,UNODC violent and sexual crime data,https://data.unodc.org/sites/dataportal.unodc.org/files/2025-12/data_cts_violent_and_sexual_crime.xlsx,"Direct rape count from the source series. UK values are aggregated from England and Wales, Scotland, and Northern Ireland where all three series exist for the same year.",1606550,2009,police-recorded count,Theft,UNODC economic crime data,https://data.unodc.org/sites/dataportal.unodc.org/files/2025-11/data_cts_corruption_and_economic_crime.xlsx,"Direct theft count from the source series. UK values are aggregated from England and Wales, Scotland, and Northern Ireland where all three series exist for the same year.",1703875,2018,police-recorded count,Theft,UNODC economic crime data,https://data.unodc.org/sites/dataportal.unodc.org/files/2025-11/data_cts_corruption_and_economic_crime.xlsx,"Direct theft count from the source series. UK values are aggregated from England and Wales, Scotland, and Northern Ireland where all three series exist for the same year.",51726,2009,police-recorded count,Sexual violence,UNODC violent and sexual crime data,https://data.unodc.org/sites/dataportal.unodc.org/files/2025-12/data_cts_violent_and_sexual_crime.xlsx,"Direct sexual-violence count from the source series. UK values are aggregated from England and Wales, Scotland, and Northern Ireland where all three series exist for the same year.",211429,2022,police-recorded count,Sexual violence,UNODC violent and sexual crime data,https://data.unodc.org/sites/dataportal.unodc.org/files/2025-12/data_cts_violent_and_sexual_crime.xlsx,"Direct sexual-violence count from the source series. UK values are aggregated from England and Wales, Scotland, and Northern Ireland where all three series exist for the same year."
France,246000,2009,police-recorded count,Burglary (petty-crime proxy),UNODC economic crime data,https://data.unodc.org/sites/dataportal.unodc.org/files/2025-11/data_cts_corruption_and_economic_crime.xlsx,Petty crime is not a standard international category; using burglary as the cross-country proxy.,112000,2022,police-recorded count,Burglary (petty-crime proxy),UNODC economic crime data,https://data.unodc.org/sites/dataportal.unodc.org/files/2025-11/data_cts_corruption_and_economic_crime.xlsx,Petty crime is not a standard international category; using burglary as the cross-country proxy.,11000,2009,police-recorded count,Rape,UNODC violent and sexual crime data,https://data.unodc.org/sites/dataportal.unodc.org/files/2025-12/data_cts_violent_and_sexual_crime.xlsx,Direct rape count from the source series.,33900,2023,police-recorded count,Rape,UNODC violent and sexual crime data,https://data.unodc.org/sites/dataportal.unodc.org/files/2025-12/data_cts_violent_and_sexual_crime.xlsx,Direct rape count from the source series.,950000,2009,police-recorded count,Theft,UNODC economic crime data,https://data.unodc.org/sites/dataportal.unodc.org/files/2025-11/data_cts_corruption_and_economic_crime.xlsx,Direct theft count from the source series.,720000,2022,police-recorded count,Theft,UNODC economic crime data,https://data.unodc.org/sites/dataportal.unodc.org/files/2025-11/data_cts_corruption_and_economic_crime.xlsx,Direct theft count from the source series.,26000,2009,police-recorded count,Sexual violence,UNODC violent and sexual crime data,https://data.unodc.org/sites/dataportal.unodc.org/files/2025-12/data_cts_violent_and_sexual_crime.xlsx,Direct sexual-violence count from the source series.,73000,2023,police-recorded count,Sexual violence,UNODC violent and sexual crime data,https://data.unodc.org/sites/dataportal.unodc.org/files/2025-12/data_cts_violent_and_sexual_crime.xlsx,Direct sexual-violence count from the source series.
United States,1800000,2009,police-recorded count,Property-crime long-run reference proxy,North America stats sheet,Assets/Data/north_america_stats.csv,Petty/proxy values were summarized as trend ranges in the source sheet; representative counts are used for dashboard comparability.,950000,2024,police-recorded count,Property-crime latest proxy,North America stats sheet,Assets/Data/north_america_stats.csv,Petty/proxy values were summarized as trend ranges in the source sheet; representative counts are used for dashboard comparability.,8500,2009,police-recorded count,Rape (older narrow reference),North America stats sheet,Assets/Data/north_america_stats.csv,Source note says older narrow definitions were much lower; this is a representative 2000s reference value.,127527,2024,police-recorded count,Rape (reported),North America stats sheet,Assets/Data/north_america_stats.csv,Latest value follows the provided north_america_stats.csv narrative.,2500000,2009,police-recorded count,Theft/property-crime proxy,North America stats sheet,Assets/Data/north_america_stats.csv,Source provides category-level trend text; representative counts are used for visualization.,1800000,2024,police-recorded count,Theft/property-crime proxy,North America stats sheet,Assets/Data/north_america_stats.csv,Source provides category-level trend text; representative counts are used for visualization.,18000,2009,police-recorded count,Sexual-crime older narrow reference,North America stats sheet,Assets/Data/north_america_stats.csv,Older narrow category reference from the source note.,140000,2024,police-recorded count,Sexual-crime broader reported proxy,North America stats sheet,Assets/Data/north_america_stats.csv,Broader modern reporting creates higher counts than older narrow definitions.
Canada,420000,2009,police-recorded count,Property-crime trend proxy,North America stats sheet,Assets/Data/north_america_stats.csv,Petty/proxy values were summarized as trend ranges in the source sheet; representative counts are used for dashboard comparability.,300000,2024,police-recorded count,Property-crime trend proxy,North America stats sheet,Assets/Data/north_america_stats.csv,Petty/proxy values were summarized as trend ranges in the source sheet; representative counts are used for dashboard comparability.,18000,2009,police-recorded count,Sexual-assault proxy for rape category,North America stats sheet,Assets/Data/north_america_stats.csv,Canada source note emphasizes broad sexual-assault categories over narrower rape labels.,34000,2024,police-recorded count,Sexual-assault proxy for rape category,North America stats sheet,Assets/Data/north_america_stats.csv,Canada source note emphasizes broad sexual-assault categories over narrower rape labels.,650000,2009,police-recorded count,Theft/property-crime proxy,North America stats sheet,Assets/Data/north_america_stats.csv,Source provides trend text, so representative comparison values are used.,500000,2024,police-recorded count,Theft/property-crime proxy,North America stats sheet,Assets/Data/north_america_stats.csv,Source provides trend text, so representative comparison values are used.,20000,2009,police-recorded count,Sexual-crime trend proxy,North America stats sheet,Assets/Data/north_america_stats.csv,Approximate 2000s reference derived from the provided summary sheet.,38000,2024,police-recorded count,Sexual-crime trend proxy,North America stats sheet,Assets/Data/north_america_stats.csv,Latest proxy count derived from the provided summary sheet.
